#tstep,        time,  Ref. state,       state,    Pcontrol,    Icontrol,    Dcontrol,   D2control,       noise,     capping,         raw,     control
     1,    0.000099,    0.000000,    0.000000,    0.000000,    0.000000,    0.000000,    0.000000,    0.000000,    0.000000,    0.000000,    0.000000
     2,    0.000199,    0.000000,    0.000145,   -0.000136,   -0.000000,   -0.000014,    0.000000,    0.000000,    0.000000,   -0.000150,   -0.000150
